date,golongan,target_vaksinasi,vaksinasi_1,vaksinasi_2,persentase_v1,persentase_v2,harian_vaksinasi_1,harian_vaksinasi_2
5 March 2021,Tenaga Kesehatan,112301,141425,91078,125.90%,81.10%,0,0
6 March 2021,Tenaga Kesehatan,112301,144046,91379,128.30%,81.40%,2621,301
7 March 2021,Tenaga Kesehatan,112301,177126,91460,157.70%,81.40%,33080,81
8 March 2021,Tenaga Kesehatan,112301,181237,92988,161.40%,82.80%,4111,1528
9 March 2021,Tenaga Kesehatan,112301,113326,89984,100.90%,80.10%,0,0
10 March 2021,Tenaga Kesehatan,112301,116791,90681,104.00%,80.70%,3465,697
11 March 2021,Tenaga Kesehatan,112301,116823,90693,104.00%,80.80%,32,12
12 March 2021,Tenaga Kesehatan,112301,118086,91521,105.20%,81.50%,1263,828
13 March 2021,Tenaga Kesehatan,112301,118283,91748,105.30%,81.70%,197,227
14 March 2021,Tenaga Kesehatan,112301,118301,91764,105.30%,81.70%,18,16
15 March 2021,Tenaga Kesehatan,112301,118983,92579,106.00%,82.40%,682,815
16 March 2021,Tenaga Kesehatan,112301,119531,93559,106.40%,83.30%,548,980
17 March 2021,Tenaga Kesehatan,112301,120003,94619,106.90%,84.30%,472,1060
18 March 2021,Tenaga Kesehatan,112301,120608,99980,107.40%,89.00%,605,5361
19 March 2021,Tenaga Kesehatan,112301,121260,97465,108.00%,86.80%,652,0
20 March 2021,Tenaga Kesehatan,112301,121373,97612,108.10%,86.90%,113,147
21 March 2021,Tenaga Kesehatan,112301,121483,97660,108.20%,87.00%,110,48
22 March 2021,Tenaga Kesehatan,112301,121834,98956,108.50%,88.10%,351,1296
23 March 2021,Tenaga Kesehatan,112301,122199,100218,108.80%,89.20%,365,1262
24 March 2021,Tenaga Kesehatan,112301,122616,101248,109.20%,90.20%,417,1030
25 March 2021,Tenaga Kesehatan,112301,122916,101602,109.50%,90.50%,300,354
26 March 2021,Tenaga Kesehatan,112301,123199,102584,109.70%,91.30%,283,982
27 March 2021,Tenaga Kesehatan,112301,123199,102672,109.70%,91.40%,0,88
28 March 2021,Tenaga Kesehatan,112301,123199,102692,109.70%,91.40%,0,20
29 March 2021,Tenaga Kesehatan,112301,123199,103537,109.70%,92.20%,0,845
30 March 2021,Tenaga Kesehatan,112301,123199,104246,109.70%,92.80%,0,709
31 March 2021,Tenaga Kesehatan,112301,123199,104773,109.70%,93.30%,0,527
1 April 2021,Tenaga Kesehatan,112301,124396,107368,110.80%,95.60%,1197,2595
2 April 2021,Tenaga Kesehatan,112301,124396,107368,110.80%,95.60%,0,0
3 April 2021,Tenaga Kesehatan,112301,121845,105485,108.50%,93.90%,0,0
4 April 2021,Tenaga Kesehatan,112301,121850,105514,108.50%,94.00%,5,29
5 April 2021,Tenaga Kesehatan,112301,122092,106037,108.70%,94.40%,242,523
6 April 2021,Tenaga Kesehatan,112301,122326,106437,108.90%,94.80%,234,400
7 April 2021,Tenaga Kesehatan,112301,122553,106800,109.10%,95.10%,227,363
8 April 2021,Tenaga Kesehatan,112301,123061,107175,109.60%,95.40%,508,375
9 April 2021,Tenaga Kesehatan,112301,123387,107509,109.90%,95.70%,326,334
10 April 2021,Tenaga Kesehatan,112301,123474,107573,109.90%,95.80%,87,64
11 April 2021,Tenaga Kesehatan,112301,123485,107583,110.00%,95.80%,11,10
12 April 2021,Tenaga Kesehatan,112301,123958,107968,110.40%,96.10%,473,385
13 April 2021,Tenaga Kesehatan,112301,124255,108205,110.60%,96.40%,297,237
14 April 2021,Tenaga Kesehatan,112301,124484,108418,110.80%,96.50%,229,213
15 April 2021,Tenaga Kesehatan,112301,124755,108761,111.10%,96.80%,271,343
16 April 2021,Tenaga Kesehatan,112301,125148,109038,111.40%,97.10%,393,277
17 April 2021,Tenaga Kesehatan,112301,125188,109105,111.50%,97.20%,40,67
18 April 2021,Tenaga Kesehatan,112301,125193,109105,111.50%,97.20%,5,0
19 April 2021,Tenaga Kesehatan,112301,125459,109299,111.70%,97.30%,266,194
20 April 2021,Tenaga Kesehatan,112301,125568,109421,111.80%,97.40%,109,122
21 April 2021,Tenaga Kesehatan,112301,125808,109615,112.00%,97.60%,240,194
22 April 2021,Tenaga Kesehatan,112301,126323,109990,112.50%,97.90%,515,375
23 April 2021,Tenaga Kesehatan,112301,126594,110213,112.70%,98.10%,271,223
24 April 2021,Tenaga Kesehatan,112301,126642,110273,112.80%,98.20%,48,60
25 April 2021,Tenaga Kesehatan,112301,126663,110297,112.80%,98.20%,21,24
26 April 2021,Tenaga Kesehatan,112301,126864,110554,113.00%,98.40%,201,257
27 April 2021,Tenaga Kesehatan,112301,127101,110788,113.20%,98.70%,237,234
28 April 2021,Tenaga Kesehatan,112301,127317,111063,113.40%,98.90%,216,275
29 April 2021,Tenaga Kesehatan,112301,127525,111399,113.60%,99.20%,208,336
30 April 2021,Tenaga Kesehatan,112301,127800,111554,113.80%,99.30%,275,155
1 May 2021,Tenaga Kesehatan,112301,127812,111574,113.80%,99.40%,12,20
2 May 2021,Tenaga Kesehatan,112301,127813,111576,113.80%,99.40%,1,2
3 May 2021,Tenaga Kesehatan,112301,128009,111795,114.00%,99.50%,196,219
4 May 2021,Tenaga Kesehatan,112301,128375,112125,114.30%,99.80%,366,330
5 May 2021,Tenaga Kesehatan,112301,128537,112434,114.50%,100.10%,162,309
6 May 2021,Tenaga Kesehatan,112301,128715,112784,114.60%,100.40%,178,350
7 May 2021,Tenaga Kesehatan,112301,128893,113107,114.80%,100.70%,178,323
8 May 2021,Tenaga Kesehatan,112301,128918,113180,114.80%,100.80%,25,73
9 May 2021,Tenaga Kesehatan,112301,128923,113187,114.80%,100.80%,5,7
10 May 2021,Tenaga Kesehatan,112301,129109,113552,115.00%,101.10%,186,365
11 May 2021,Tenaga Kesehatan,112301,129269,113898,115.10%,101.40%,160,346
12 May 2021,Tenaga Kesehatan,112301,129295,113947,115.10%,101.50%,26,49
13 May 2021,Tenaga Kesehatan,112301,129295,113948,115.10%,101.50%,0,1
14 May 2021,Tenaga Kesehatan,112301,129295,113948,115.10%,101.50%,0,0
15 May 2021,Tenaga Kesehatan,112301,129313,113974,115.10%,101.50%,18,26
16 May 2021,Tenaga Kesehatan,112301,129318,113982,115.20%,101.50%,5,8
17 May 2021,Tenaga Kesehatan,112301,129401,114352,115.20%,101.80%,83,370
18 May 2021,Tenaga Kesehatan,112301,129533,114701,115.30%,102.10%,132,349
19 May 2021,Tenaga Kesehatan,112301,129714,115004,115.50%,102.40%,181,303
20 May 2021,Tenaga Kesehatan,112301,129893,115301,115.70%,102.70%,179,297
21 May 2021,Tenaga Kesehatan,112301,130014,115625,115.80%,103.00%,121,324
22 May 2021,Tenaga Kesehatan,112301,130055,115679,115.80%,103.00%,41,54
23 May 2021,Tenaga Kesehatan,112301,130055,115685,115.80%,103.00%,0,6
24 May 2021,Tenaga Kesehatan,112301,130064,115709,115.80%,103.00%,9,24
25 May 2021,Tenaga Kesehatan,112301,130238,116082,116.00%,103.40%,174,373
26 May 2021,Tenaga Kesehatan,112301,130312,116230,116.00%,103.50%,74,148
27 May 2021,Tenaga Kesehatan,112301,130439,116619,116.20%,103.80%,127,389
28 May 2021,Tenaga Kesehatan,112301,133442,119578,118.80%,106.50%,3003,2959
29 May 2021,Tenaga Kesehatan,112301,133442,119578,118.80%,106.50%,0,0
30 May 2021,Tenaga Kesehatan,112301,133466,119600,118.80%,106.50%,24,22
31 May 2021,Tenaga Kesehatan,112301,133466,119600,118.80%,106.50%,0,0
1 June 2021,Tenaga Kesehatan,112301,133593,119829,119.00%,106.70%,127,229
2 June 2021,Tenaga Kesehatan,112301,133773,120240,119.10%,107.10%,180,411
3 June 2021,Tenaga Kesehatan,112301,135712,120240,120.80%,107.10%,1939,0
4 June 2021,Tenaga Kesehatan,112301,135712,120490,120.80%,107.30%,0,250
5 June 2021,Tenaga Kesehatan,112301,135712,120490,120.80%,107.30%,0,0
6 June 2021,Tenaga Kesehatan,112301,135728,120491,120.90%,107.30%,16,1
7 June 2021,Tenaga Kesehatan,112301,135728,120568,120.90%,107.40%,0,77
8 June 2021,Tenaga Kesehatan,112301,135728,120568,120.90%,107.40%,0,0
9 June 2021,Tenaga Kesehatan,112301,135728,120761,120.90%,107.50%,0,193
10 June 2021,Tenaga Kesehatan,112301,135728,120833,120.90%,107.60%,0,72
11 June 2021,Tenaga Kesehatan,112301,135728,120932,120.90%,107.70%,0,99
12 June 2021,Tenaga Kesehatan,112301,135728,120935,120.90%,107.70%,0,3
13 June 2021,Tenaga Kesehatan,112301,135728,120935,120.90%,107.70%,0,0
14 June 2021,Tenaga Kesehatan,112301,135728,120935,120.90%,107.70%,0,0
15 June 2021,Tenaga Kesehatan,112301,135728,120935,120.90%,107.70%,0,0
16 June 2021,Tenaga Kesehatan,112301,135728,120935,120.90%,107.70%,0,0
17 June 2021,Tenaga Kesehatan,112301,135728,120935,120.90%,107.70%,0,0
18 June 2021,Tenaga Kesehatan,112301,135728,120935,120.90%,107.70%,0,0
19 June 2021,Tenaga Kesehatan,112301,135728,120935,120.90%,107.70%,0,0
20 June 2021,Tenaga Kesehatan,112301,135728,121377,120.90%,108.10%,0,442
21 June 2021,Tenaga Kesehatan,112301,135728,121377,120.90%,108.10%,0,0
22 June 2021,Tenaga Kesehatan,112301,135728,121377,120.90%,108.10%,0,0
23 June 2021,Tenaga Kesehatan,112301,135728,121377,120.90%,108.10%,0,0
24 June 2021,Tenaga Kesehatan,112301,135728,121377,120.90%,108.10%,0,0
25 June 2021,Tenaga Kesehatan,112301,135728,121377,120.90%,108.10%,0,0
26 June 2021,Tenaga Kesehatan,112301,135728,121377,120.90%,108.10%,0,0
27 June 2021,Tenaga Kesehatan,112301,135728,121377,120.90%,108.10%,0,0
28 June 2021,Tenaga Kesehatan,112301,136733,121794,121.80%,108.50%,1005,417
29 June 2021,Tenaga Kesehatan,112301,136733,121794,121.80%,108.50%,0,0
30 June 2021,Tenaga Kesehatan,112301,136733,121794,121.80%,108.50%,0,0
1 July 2021,Tenaga Kesehatan,112301,136733,121794,121.80%,108.50%,0,0
2 July 2021,Tenaga Kesehatan,112301,136733,121794,121.80%,108.50%,0,0
3 July 2021,Tenaga Kesehatan,112301,136733,121794,121.80%,108.50%,0,0
4 July 2021,Tenaga Kesehatan,112301,136733,121794,121.80%,108.50%,0,0
5 July 2021,Tenaga Kesehatan,112301,136733,121794,121.80%,108.50%,0,0
6 July 2021,Tenaga Kesehatan,112301,136733,121794,121.80%,108.50%,0,0
7 July 2021,Tenaga Kesehatan,112301,136733,121794,121.80%,108.50%,0,0
8 July 2021,Tenaga Kesehatan,112301,136733,121794,121.80%,108.50%,0,0
9 July 2021,Tenaga Kesehatan,112301,136733,121794,121.80%,108.50%,0,0
10 July 2021,Tenaga Kesehatan,112301,136733,121794,121.80%,108.50%,0,0
11 July 2021,Tenaga Kesehatan,112301,136733,121794,121.80%,108.50%,0,0
12 July 2021,Tenaga Kesehatan,112301,136733,121794,121.80%,108.50%,0,0
13 July 2021,Tenaga Kesehatan,112301,136733,121794,121.80%,108.50%,0,0
14 July 2021,Tenaga Kesehatan,112301,136733,121794,121.80%,108.50%,0,0
15 July 2021,Tenaga Kesehatan,112301,136733,121794,121.80%,108.50%,0,0
16 July 2021,Tenaga Kesehatan,112301,136733,121794,121.80%,108.50%,0,0
17 July 2021,Tenaga Kesehatan,112301,136733,121794,121.80%,108.50%,0,0
18 July 2021,Tenaga Kesehatan,112301,136733,121794,121.80%,108.50%,0,0
19 July 2021,Tenaga Kesehatan,112301,136733,121794,121.80%,108.50%,0,0
20 July 2021,Tenaga Kesehatan,112301,136733,121794,121.80%,108.50%,0,0
21 July 2021,Tenaga Kesehatan,112301,136733,121794,121.80%,108.50%,0,0
22 July 2021,Tenaga Kesehatan,112301,136733,121794,121.80%,108.50%,0,0
23 July 2021,Tenaga Kesehatan,112301,136733,121794,121.80%,108.50%,0,0
24 July 2021,Tenaga Kesehatan,112301,141604,123670,126.10%,110.10%,4871,1876
25 July 2021,Tenaga Kesehatan,112301,141704,123789,126.20%,110.20%,100,119
26 July 2021,Tenaga Kesehatan,112301,141739,123811,126.20%,110.20%,35,22
27 July 2021,Tenaga Kesehatan,112301,141920,124084,126.40%,110.50%,181,273
28 July 2021,Tenaga Kesehatan,112301,142112,124297,126.50%,110.70%,192,213
29 July 2021,Tenaga Kesehatan,112301,142317,124541,126.70%,110.90%,205,244
30 July 2021,Tenaga Kesehatan,112301,142571,124864,127.00%,111.20%,254,323
31 July 2021,Tenaga Kesehatan,112301,142855,125273,127.20%,111.60%,284,409
1 August 2021,Tenaga Kesehatan,112301,142972,125395,127.30%,111.70%,117,122
2 August 2021,Tenaga Kesehatan,112301,143056,125439,127.40%,111.70%,84,44
3 August 2021,Tenaga Kesehatan,112301,143333,125814,127.60%,112.00%,277,375
4 August 2021,Tenaga Kesehatan,112301,143589,126105,127.90%,112.30%,256,291
5 August 2021,Tenaga Kesehatan,112301,143883,126483,128.10%,112.60%,294,378
6 August 2021,Tenaga Kesehatan,112301,143973,126651,128.20%,112.80%,90,168
7 August 2021,Tenaga Kesehatan,112301,144251,127046,128.50%,113.10%,278,395
8 August 2021,Tenaga Kesehatan,112301,144251,127046,128.50%,113.10%,0,0
9 August 2021,Tenaga Kesehatan,112301,144251,127046,128.50%,113.10%,0,0
10 August 2021,Tenaga Kesehatan,112301,144251,127046,128.50%,113.10%,0,0
11 August 2021,Tenaga Kesehatan,112301,144251,127046,128.50%,113.10%,0,0
12 August 2021,Tenaga Kesehatan,112301,144251,127046,128.50%,113.10%,0,0
13 August 2021,Tenaga Kesehatan,112301,144512,129007,128.70%,114.90%,261,1961
14 August 2021,Tenaga Kesehatan,112301,144815,129662,129.00%,115.50%,303,655
15 August 2021,Tenaga Kesehatan,112301,144930,129959,129.10%,115.70%,115,297
16 August 2021,Tenaga Kesehatan,112301,145012,130106,129.10%,115.90%,82,147
17 August 2021,Tenaga Kesehatan,112301,145377,130598,129.50%,116.30%,365,492
18 August 2021,Tenaga Kesehatan,112301,145437,130664,129.50%,116.40%,60,66
19 August 2021,Tenaga Kesehatan,112301,145760,131099,129.80%,116.70%,323,435
20 August 2021,Tenaga Kesehatan,112301,146009,131541,130.00%,117.10%,249,442
21 August 2021,Tenaga Kesehatan,112301,146276,131945,130.30%,117.50%,267,404
22 August 2021,Tenaga Kesehatan,112301,146472,132277,130.40%,117.80%,196,332
23 August 2021,Tenaga Kesehatan,112301,146495,132325,130.40%,117.80%,23,48
24 August 2021,Tenaga Kesehatan,112301,146752,132749,130.70%,118.20%,257,424
25 August 2021,Tenaga Kesehatan,112301,146976,133152,130.90%,118.60%,224,403
26 August 2021,Tenaga Kesehatan,112301,147447,133747,131.30%,119.10%,471,595
27 August 2021,Tenaga Kesehatan,112301,147717,134070,131.50%,119.40%,270,323
28 August 2021,Tenaga Kesehatan,112301,148087,134753,131.90%,120.00%,370,683
29 August 2021,Tenaga Kesehatan,112301,148137,134806,131.90%,120.00%,50,53
30 August 2021,Tenaga Kesehatan,112301,148144,134817,131.90%,120.00%,7,11
31 August 2021,Tenaga Kesehatan,112301,148371,135265,132.10%,120.40%,227,448
1 September 2021,Tenaga Kesehatan,112301,148549,135679,132.30%,120.80%,178,414
2 September 2021,Tenaga Kesehatan,112301,148706,135904,132.40%,121.00%,157,225
3 September 2021,Tenaga Kesehatan,112301,148919,136308,132.60%,121.40%,213,404
4 September 2021,Tenaga Kesehatan,112301,149156,136660,132.80%,121.70%,237,352
5 September 2021,Tenaga Kesehatan,112301,149215,136736,132.90%,121.80%,59,76
6 September 2021,Tenaga Kesehatan,112301,149230,136752,132.90%,121.80%,15,16
7 September 2021,Tenaga Kesehatan,112301,149369,137004,133.00%,122.00%,139,252
8 September 2021,Tenaga Kesehatan,112301,149505,137342,133.10%,122.30%,136,338
9 September 2021,Tenaga Kesehatan,112301,149657,137582,133.30%,122.50%,152,240
10 September 2021,Tenaga Kesehatan,112301,149824,137875,133.40%,122.80%,167,293
11 September 2021,Tenaga Kesehatan,112301,177478,161229,158.00%,143.60%,27654,23354
12 September 2021,Tenaga Kesehatan,112301,177478,161283,158.00%,143.60%,0,54
13 September 2021,Tenaga Kesehatan,112301,177478,161319,158.00%,143.60%,0,36
14 September 2021,Tenaga Kesehatan,112301,177483,161693,158.00%,144.00%,5,374
15 September 2021,Tenaga Kesehatan,112301,177663,162072,158.20%,144.30%,180,379
16 September 2021,Tenaga Kesehatan,112301,177901,162537,158.40%,144.70%,238,465
17 September 2021,Tenaga Kesehatan,112301,177985,162695,158.50%,144.90%,84,158
18 September 2021,Tenaga Kesehatan,112301,178023,163111,158.50%,145.20%,38,416
19 September 2021,Tenaga Kesehatan,112301,178023,163231,158.50%,145.40%,0,120
20 September 2021,Tenaga Kesehatan,112301,178040,163274,158.50%,145.40%,17,43
21 September 2021,Tenaga Kesehatan,112301,178102,163332,158.60%,145.40%,62,58
22 September 2021,Tenaga Kesehatan,112301,178562,163988,159.00%,146.00%,460,656
23 September 2021,Tenaga Kesehatan,112301,178646,164106,159.10%,146.10%,84,118
24 September 2021,Tenaga Kesehatan,112301,178704,164425,159.10%,146.40%,58,319
25 September 2021,Tenaga Kesehatan,112301,178734,164678,159.20%,146.60%,30,253
26 September 2021,Tenaga Kesehatan,112301,178762,164828,159.20%,146.80%,28,150
27 September 2021,Tenaga Kesehatan,112301,178785,164897,159.20%,146.80%,23,69
28 September 2021,Tenaga Kesehatan,112301,178877,165129,159.30%,147.00%,92,232
29 September 2021,Tenaga Kesehatan,112301,179173,165556,159.50%,147.40%,296,427
30 September 2021,Tenaga Kesehatan,112301,179523,165857,159.90%,147.70%,350,301
1 October 2021,Tenaga Kesehatan,112301,179617,166030,159.90%,147.80%,94,173
2 October 2021,Tenaga Kesehatan,112301,179645,166268,160.00%,148.10%,28,238
3 October 2021,Tenaga Kesehatan,112301,179773,166415,160.10%,148.20%,128,147
4 October 2021,Tenaga Kesehatan,112301,179781,166428,160.10%,148.20%,8,13
5 October 2021,Tenaga Kesehatan,112301,179920,166628,160.20%,148.40%,139,200
6 October 2021,Tenaga Kesehatan,112301,179963,166774,160.30%,148.50%,43,146
7 October 2021,Tenaga Kesehatan,112301,180049,166927,160.30%,148.60%,86,153
8 October 2021,Tenaga Kesehatan,112301,180257,167221,160.50%,148.90%,208,294
5 March 2021,Lansia,911631,76451,0,8.39%,0.00%,0,0
6 March 2021,Lansia,911631,79421,0,8.71%,0.00%,2970,0
7 March 2021,Lansia,911631,83628,0,9.17%,0.00%,4207,0
8 March 2021,Lansia,911631,95140,1,10.44%,0.00%,11512,1
9 March 2021,Lansia,911631,135128,675,14.82%,0.07%,39988,674
10 March 2021,Lansia,911631,154251,1100,16.92%,0.12%,19123,425
11 March 2021,Lansia,911631,154915,1103,16.99%,0.12%,664,3
12 March 2021,Lansia,911631,167086,1291,18.33%,0.14%,12171,188
13 March 2021,Lansia,911631,174327,1444,19.12%,0.16%,7241,153
14 March 2021,Lansia,911631,179024,1444,19.64%,0.16%,4697,0
15 March 2021,Lansia,911631,197743,1620,21.69%,0.18%,18719,176
16 March 2021,Lansia,911631,216011,1754,23.70%,0.19%,18268,134
17 March 2021,Lansia,911631,236230,1963,25.91%,0.22%,20219,209
18 March 2021,Lansia,911631,257159,2040,28.21%,0.22%,20929,77
19 March 2021,Lansia,911631,280221,2168,30.74%,0.24%,23062,128
20 March 2021,Lansia,911631,287749,2585,31.56%,0.28%,7528,417
21 March 2021,Lansia,911631,296700,2696,32.55%,0.30%,8951,111
22 March 2021,Lansia,911631,314312,5263,34.48%,0.58%,17612,2567
23 March 2021,Lansia,911631,337760,9693,37.05%,1.06%,23448,4430
24 March 2021,Lansia,911631,373557,15380,40.98%,1.69%,35797,5687
25 March 2021,Lansia,911631,394412,22109,43.26%,2.43%,20855,6729
26 March 2021,Lansia,911631,414506,29341,45.47%,3.22%,20094,7232
27 March 2021,Lansia,911631,425054,31070,46.63%,3.41%,10548,1729
28 March 2021,Lansia,911631,431190,31149,47.30%,3.42%,6136,79
29 March 2021,Lansia,911631,444817,42494,48.79%,4.66%,13627,11345
30 March 2021,Lansia,911631,460787,54834,50.55%,6.01%,15970,12340
31 March 2021,Lansia,911631,475190,66739,52.13%,7.32%,14403,11905
1 April 2021,Lansia,911631,477295,77431,52.36%,8.49%,2105,10692
2 April 2021,Lansia,911631,485807,80541,53.29%,8.83%,8512,3110
3 April 2021,Lansia,911631,487262,83140,53.45%,9.12%,1455,2599
4 April 2021,Lansia,911631,488136,83786,53.55%,9.19%,874,646
5 April 2021,Lansia,911631,493235,109251,54.10%,11.98%,5099,25465
6 April 2021,Lansia,911631,496569,124880,54.47%,13.70%,3334,15629
7 April 2021,Lansia,911631,500370,142698,54.89%,15.65%,3801,17818
8 April 2021,Lansia,911631,507667,148824,55.69%,16.33%,7297,6126
9 April 2021,Lansia,911631,516816,166705,56.69%,18.29%,9149,17881
10 April 2021,Lansia,911631,523861,173234,57.46%,19.00%,7045,6529
11 April 2021,Lansia,911631,526687,177883,57.77%,19.51%,2826,4649
12 April 2021,Lansia,911631,537125,196464,58.92%,21.55%,10438,18581
13 April 2021,Lansia,911631,540904,210810,59.33%,23.12%,3779,14346
14 April 2021,Lansia,911631,543256,231255,59.59%,25.37%,2352,20445
15 April 2021,Lansia,911631,545822,252371,59.87%,27.68%,2566,21116
16 April 2021,Lansia,911631,548314,272887,60.15%,29.93%,2492,20516
17 April 2021,Lansia,911631,549011,278295,60.22%,30.53%,697,5408
18 April 2021,Lansia,911631,549394,281756,60.26%,30.91%,383,3461
19 April 2021,Lansia,911631,552556,308789,60.61%,33.87%,3162,27033
20 April 2021,Lansia,911631,554268,320304,60.80%,35.14%,1712,11515
21 April 2021,Lansia,911631,556786,341170,61.08%,37.42%,2518,20866
22 April 2021,Lansia,911631,561547,370371,61.60%,40.63%,4761,29201
23 April 2021,Lansia,911631,564499,387901,61.92%,42.55%,2952,17530
24 April 2021,Lansia,911631,565373,392124,62.02%,43.01%,874,4223
25 April 2021,Lansia,911631,565919,394656,62.08%,43.29%,546,2532
26 April 2021,Lansia,911631,568335,416922,62.34%,45.73%,2416,22266
27 April 2021,Lansia,911631,570852,432310,62.62%,47.42%,2517,15388
28 April 2021,Lansia,911631,572898,446748,62.84%,49.01%,2046,14438
29 April 2021,Lansia,911631,574631,453025,63.03%,49.69%,1733,6277
30 April 2021,Lansia,911631,576085,455627,63.19%,49.98%,1454,2602
1 May 2021,Lansia,911631,576250,456820,63.21%,50.11%,165,1193
2 May 2021,Lansia,911631,576362,457590,63.22%,50.19%,112,770
3 May 2021,Lansia,911631,577667,462354,63.37%,50.72%,1305,4764
4 May 2021,Lansia,911631,578758,466027,63.49%,51.12%,1091,3673
5 May 2021,Lansia,911631,579595,470116,63.58%,51.57%,837,4089
6 May 2021,Lansia,911631,581010,475633,63.73%,52.17%,1415,5517
7 May 2021,Lansia,911631,581932,482803,63.83%,52.96%,922,7170
8 May 2021,Lansia,911631,582375,484444,63.88%,53.14%,443,1641
9 May 2021,Lansia,911631,582505,485431,63.90%,53.25%,130,987
10 May 2021,Lansia,911631,583358,496586,63.99%,54.47%,853,11155
11 May 2021,Lansia,911631,583948,499734,64.06%,54.82%,590,3148
12 May 2021,Lansia,911631,584003,500318,64.06%,54.88%,55,584
13 May 2021,Lansia,911631,584004,500337,64.06%,54.88%,1,19
14 May 2021,Lansia,911631,584007,500353,64.06%,54.89%,3,16
15 May 2021,Lansia,911631,584099,501780,64.07%,55.04%,92,1427
16 May 2021,Lansia,911631,584827,502660,64.15%,55.14%,728,880
17 May 2021,Lansia,911631,585577,507155,64.23%,55.63%,750,4495
18 May 2021,Lansia,911631,586347,510664,64.32%,56.02%,770,3509
19 May 2021,Lansia,911631,587128,514002,64.40%,56.38%,781,3338
20 May 2021,Lansia,911631,587816,517660,64.48%,56.78%,688,3658
21 May 2021,Lansia,911631,588442,520855,64.55%,57.13%,626,3195
22 May 2021,Lansia,911631,588873,521910,64.60%,57.25%,431,1055
23 May 2021,Lansia,911631,589306,522510,64.64%,57.32%,433,600
24 May 2021,Lansia,911631,589583,523390,64.67%,57.41%,277,880
25 May 2021,Lansia,911631,590267,526945,64.75%,57.80%,684,3555
26 May 2021,Lansia,911631,591012,528669,64.83%,57.99%,745,1724
27 May 2021,Lansia,911631,591661,531718,64.90%,58.33%,649,3049
28 May 2021,Lansia,911631,591661,531718,64.90%,58.33%,0,0
29 May 2021,Lansia,911631,591661,531718,64.90%,58.33%,0,0
30 May 2021,Lansia,911631,591661,531718,64.90%,58.33%,0,0
31 May 2021,Lansia,911631,591661,531718,64.90%,58.33%,0,0
1 June 2021,Lansia,911631,591661,531832,64.90%,58.34%,0,114
2 June 2021,Lansia,911631,591661,532949,64.90%,58.46%,0,1117
3 June 2021,Lansia,911631,593122,533954,65.06%,58.57%,1461,1005
4 June 2021,Lansia,911631,593332,534307,65.08%,58.61%,210,353
5 June 2021,Lansia,911631,593332,534407,65.08%,58.62%,0,100
6 June 2021,Lansia,911631,593332,534410,65.08%,58.62%,0,3
7 June 2021,Lansia,911631,593442,534697,65.10%,58.65%,110,287
8 June 2021,Lansia,911631,593442,535079,65.10%,58.69%,0,382
9 June 2021,Lansia,911631,593442,535079,65.10%,58.69%,0,0
10 June 2021,Lansia,911631,595046,535273,65.27%,58.72%,1604,194
11 June 2021,Lansia,911631,595046,535273,65.27%,58.72%,0,0
12 June 2021,Lansia,911631,595046,535273,65.27%,58.72%,0,0
13 June 2021,Lansia,911631,595046,535273,65.27%,58.72%,0,0
14 June 2021,Lansia,911631,595046,535273,65.27%,58.72%,0,0
15 June 2021,Lansia,911631,595046,535273,65.27%,58.72%,0,0
16 June 2021,Lansia,911631,595046,535273,65.27%,58.72%,0,0
17 June 2021,Lansia,911631,595046,535273,65.27%,58.72%,0,0
18 June 2021,Lansia,911631,595046,535273,65.27%,58.72%,0,0
19 June 2021,Lansia,911631,595046,535273,65.27%,58.72%,0,0
20 June 2021,Lansia,911631,595654,535273,65.34%,58.72%,608,0
21 June 2021,Lansia,911631,595654,535273,65.34%,58.72%,0,0
22 June 2021,Lansia,911631,595654,535273,65.34%,58.72%,0,0
23 June 2021,Lansia,911631,595654,535273,65.34%,58.72%,0,0
24 June 2021,Lansia,911631,595654,535273,65.34%,58.72%,0,0
25 June 2021,Lansia,911631,595654,535273,65.34%,58.72%,0,0
26 June 2021,Lansia,911631,595654,535273,65.34%,58.72%,0,0
27 June 2021,Lansia,911631,595654,535273,65.34%,58.72%,0,0
28 June 2021,Lansia,911631,599877,535273,65.80%,58.72%,4223,0
29 June 2021,Lansia,911631,599877,535273,65.80%,58.72%,0,0
30 June 2021,Lansia,911631,599877,535273,65.80%,58.72%,0,0
1 July 2021,Lansia,911631,599877,535273,65.80%,58.72%,0,0
2 July 2021,Lansia,911631,599877,535273,65.80%,58.72%,0,0
3 July 2021,Lansia,911631,599877,535273,65.80%,58.72%,0,0
4 July 2021,Lansia,911631,599877,535273,65.80%,58.72%,0,0
5 July 2021,Lansia,911631,599877,535273,65.80%,58.72%,0,0
6 July 2021,Lansia,911631,599877,535273,65.80%,58.72%,0,0
7 July 2021,Lansia,911631,599877,535273,65.80%,58.72%,0,0
8 July 2021,Lansia,911631,599877,535273,65.80%,58.72%,0,0
9 July 2021,Lansia,911631,599877,535273,65.80%,58.72%,0,0
10 July 2021,Lansia,911631,599877,535273,65.80%,58.72%,0,0
11 July 2021,Lansia,911631,599877,535273,65.80%,58.72%,0,0
12 July 2021,Lansia,911631,599877,535273,65.80%,58.72%,0,0
13 July 2021,Lansia,911631,599877,535273,65.80%,58.72%,0,0
14 July 2021,Lansia,911631,623508,539719,68.39%,59.20%,23631,4446
15 July 2021,Lansia,911631,625214,539900,68.58%,59.22%,1706,181
16 July 2021,Lansia,911631,627222,540127,68.80%,59.25%,2008,227
17 July 2021,Lansia,911631,628944,540338,68.99%,59.27%,1722,211
18 July 2021,Lansia,911631,629950,540406,69.10%,59.28%,1006,68
19 July 2021,Lansia,911631,629950,540406,69.10%,59.28%,0,0
20 July 2021,Lansia,911631,629950,540406,69.10%,59.28%,0,0
21 July 2021,Lansia,911631,629950,540406,69.10%,59.28%,0,0
22 July 2021,Lansia,911631,629950,540406,69.10%,59.28%,0,0
23 July 2021,Lansia,911631,629950,540406,69.10%,59.28%,0,0
24 July 2021,Lansia,911631,629950,540406,69.10%,59.28%,0,0
25 July 2021,Lansia,911631,629950,540406,69.10%,59.28%,0,0
26 July 2021,Lansia,911631,629950,540406,69.10%,59.28%,0,0
27 July 2021,Lansia,911631,629950,540406,69.10%,59.28%,0,0
28 July 2021,Lansia,911631,629950,540406,69.10%,59.28%,0,0
29 July 2021,Lansia,911631,629950,540406,69.10%,59.28%,0,0
30 July 2021,Lansia,911631,629950,540406,69.10%,59.28%,0,0
31 July 2021,Lansia,911631,629950,540406,69.10%,59.28%,0,0
1 August 2021,Lansia,911631,629950,540406,69.10%,59.28%,0,0
2 August 2021,Lansia,911631,738421,629025,81.00%,69.00%,108471,88619
3 August 2021,Lansia,911631,738421,629025,81.00%,69.00%,0,0
4 August 2021,Lansia,911631,741612,634130,81.35%,69.56%,3191,5105
5 August 2021,Lansia,911631,744893,635953,81.71%,69.76%,3281,1823
6 August 2021,Lansia,911631,745532,636501,81.78%,69.82%,639,548
7 August 2021,Lansia,911631,747355,637868,81.98%,69.97%,1823,1367
8 August 2021,Lansia,911631,754010,641606,82.71%,70.38%,6655,3738
9 August 2021,Lansia,911631,758203,643520,83.17%,70.59%,4193,1914
10 August 2021,Lansia,911631,761941,646255,83.58%,70.89%,3738,2735
11 August 2021,Lansia,911631,764676,648078,83.88%,71.09%,2735,1823
12 August 2021,Lansia,911631,765861,648716,84.01%,71.16%,1185,638
13 August 2021,Lansia,911631,768414,651907,84.29%,71.51%,2553,3191
14 August 2021,Lansia,911631,770875,654642,84.56%,71.81%,2461,2735
15 August 2021,Lansia,911631,771878,655827,84.67%,71.94%,1003,1185
16 August 2021,Lansia,911631,772972,656556,84.79%,72.02%,1094,729
17 August 2021,Lansia,911631,774339,658653,84.94%,72.25%,1367,2097
18 August 2021,Lansia,911631,774795,658927,84.99%,72.28%,456,274
19 August 2021,Lansia,911631,776527,660659,85.18%,72.47%,1732,1732
20 August 2021,Lansia,911631,778077,662573,85.35%,72.68%,1550,1914
21 August 2021,Lansia,911631,779171,663758,85.47%,72.81%,1094,1185
22 August 2021,Lansia,911631,780174,664943,85.58%,72.94%,1003,1185
23 August 2021,Lansia,911631,780447,665399,85.61%,72.99%,273,456
24 August 2021,Lansia,911631,781906,667040,85.77%,73.17%,1459,1641
25 August 2021,Lansia,911631,783547,668863,85.95%,73.37%,1641,1823
26 August 2021,Lansia,911631,785279,670869,86.14%,73.59%,1732,2006
27 August 2021,Lansia,911631,787193,673057,86.35%,73.83%,1914,2188
28 August 2021,Lansia,911631,789563,676339,86.61%,74.19%,2370,3282
29 August 2021,Lansia,911631,789746,676703,86.63%,74.23%,183,364
30 August 2021,Lansia,911631,789837,676704,86.64%,74.23%,91,1
31 August 2021,Lansia,911631,792025,680168,86.88%,74.61%,2188,3464
1 September 2021,Lansia,911631,793939,682994,87.09%,74.92%,1914,2826
2 September 2021,Lansia,911631,795398,685546,87.25%,75.20%,1459,2552
3 September 2021,Lansia,911631,797221,688468,87.45%,75.52%,1823,2922
4 September 2021,Lansia,911631,798953,691472,87.64%,75.85%,1732,3004
5 September 2021,Lansia,911631,799683,692292,87.72%,75.94%,730,820
6 September 2021,Lansia,911631,800138,692931,87.77%,76.01%,455,639
7 September 2021,Lansia,911631,801779,696030,87.95%,76.35%,1641,3099
8 September 2021,Lansia,911631,803420,698856,88.13%,76.66%,1641,2826
9 September 2021,Lansia,911631,806793,701226,88.50%,76.92%,3373,2370
10 September 2021,Lansia,911631,814725,709613,89.37%,77.84%,7932,8387
11 September 2021,Lansia,911631,815454,710707,89.45%,77.96%,729,1094
12 September 2021,Lansia,911631,815545,711072,89.46%,78.00%,91,365
13 September 2021,Lansia,911631,815909,711437,89.50%,78.04%,364,365
14 September 2021,Lansia,911631,817277,713351,89.65%,78.25%,1368,1914
15 September 2021,Lansia,911631,818189,714536,89.75%,78.38%,912,1185
16 September 2021,Lansia,911631,819556,716451,89.90%,78.59%,1367,1915
17 September 2021,Lansia,911631,820376,716906,89.99%,78.64%,820,455
18 September 2021,Lansia,911631,821835,718183,90.15%,78.78%,1459,1277
19 September 2021,Lansia,911631,822473,719550,90.22%,78.93%,638,1367
20 September 2021,Lansia,911631,823020,719915,90.28%,78.97%,547,365
21 September 2021,Lansia,911631,823932,720097,90.38%,78.99%,912,182
22 September 2021,Lansia,911631,825299,721100,90.53%,79.10%,1367,1003
23 September 2021,Lansia,911631,826211,721282,90.63%,79.12%,912,182
24 September 2021,Lansia,911631,827852,723014,90.81%,79.31%,1641,1732
25 September 2021,Lansia,911631,828581,724473,90.89%,79.47%,729,1459
26 September 2021,Lansia,911631,829311,725293,90.97%,79.56%,730,820
27 September 2021,Lansia,911631,829949,725932,91.04%,79.63%,638,639
28 September 2021,Lansia,761279,694246,607208,91.19%,79.76%,0,0
29 September 2021,Lansia,761279,695078,608334,91.30%,79.91%,832,1126
30 September 2021,Lansia,761279,696009,609120,91.43%,80.01%,931,786
1 October 2021,Lansia,761279,696602,609938,91.50%,80.12%,593,818
2 October 2021,Lansia,761279,697363,610773,91.60%,80.23%,761,835
3 October 2021,Lansia,761279,697737,611015,91.65%,80.26%,374,242
4 October 2021,Lansia,761279,698003,611144,91.69%,80.28%,266,129
5 October 2021,Lansia,761279,698960,612061,91.81%,80.40%,957,917
6 October 2021,Lansia,761279,699856,612563,91.93%,80.46%,896,502
7 October 2021,Lansia,761279,700692,613788,92.04%,80.63%,836,1225
8 October 2021,Lansia,761279,701720,614278,92.18%,80.69%,1028,490
5 March 2021,Pelayan Publik,1976757,64121,0,3.20%,0.00%,0,0
6 March 2021,Pelayan Publik,1976757,66484,0,3.40%,0.00%,2363,0
7 March 2021,Pelayan Publik,1976757,73752,2514,3.70%,0.10%,7268,2514
8 March 2021,Pelayan Publik,1976757,85333,3989,4.30%,0.20%,11581,1475
9 March 2021,Pelayan Publik,1976757,174685,29195,8.80%,1.50%,89352,25206
10 March 2021,Pelayan Publik,1976757,202452,17773,10.20%,0.90%,27767,0
11 March 2021,Pelayan Publik,1976757,211754,17903,10.70%,0.90%,9302,130
12 March 2021,Pelayan Publik,1976757,234403,20226,11.90%,1.00%,22649,2323
13 March 2021,Pelayan Publik,1976757,245355,21272,12.40%,1.10%,10952,1046
14 March 2021,Pelayan Publik,1976757,252763,21413,12.80%,1.10%,7408,141
15 March 2021,Pelayan Publik,1976757,282970,29871,14.30%,1.50%,30207,8458
16 March 2021,Pelayan Publik,1976757,312415,43891,15.80%,2.20%,29445,14020
17 March 2021,Pelayan Publik,1976757,336132,63154,17.00%,3.20%,23717,19263
18 March 2021,Pelayan Publik,1976757,356592,82412,18.00%,4.20%,20460,19258
19 March 2021,Pelayan Publik,1976757,409121,99709,20.70%,5.00%,52529,17297
20 March 2021,Pelayan Publik,1976757,415447,103069,21.00%,5.20%,6326,3360
21 March 2021,Pelayan Publik,1976757,428256,103939,21.70%,5.30%,12809,870
22 March 2021,Pelayan Publik,1976757,443083,124036,22.40%,6.30%,14827,20097
23 March 2021,Pelayan Publik,1976757,465428,148494,23.50%,7.50%,22345,24458
24 March 2021,Pelayan Publik,1976757,501557,177455,25.40%,9.00%,36129,28961
25 March 2021,Pelayan Publik,1976757,529155,187424,26.80%,9.50%,27598,9969
26 March 2021,Pelayan Publik,1976757,554981,211347,28.10%,10.70%,25826,23923
27 March 2021,Pelayan Publik,1976757,573482,217379,29.00%,11.00%,18501,6032
28 March 2021,Pelayan Publik,1976757,585999,219264,29.60%,11.10%,12517,1885
29 March 2021,Pelayan Publik,1976757,610227,242034,30.90%,12.20%,24228,22770
30 March 2021,Pelayan Publik,1976757,636631,266245,32.20%,13.50%,26404,24211
31 March 2021,Pelayan Publik,1976757,668989,287470,33.80%,14.50%,32358,21225
1 April 2021,Pelayan Publik,1976757,699688,300935,35.40%,15.20%,30699,13465
2 April 2021,Pelayan Publik,1976757,715419,302306,36.20%,15.30%,15731,1371
3 April 2021,Pelayan Publik,1976757,730364,305602,36.90%,15.50%,14945,3296
4 April 2021,Pelayan Publik,1976757,742355,308776,37.60%,15.60%,11991,3174
5 April 2021,Pelayan Publik,1976757,771861,330815,39.00%,16.70%,29506,22039
6 April 2021,Pelayan Publik,1976757,796248,349648,40.30%,17.70%,24387,18833
7 April 2021,Pelayan Publik,1976757,813740,369813,41.20%,18.70%,17492,20165
8 April 2021,Pelayan Publik,1976757,844961,388298,42.70%,19.60%,31221,18485
9 April 2021,Pelayan Publik,1976757,866503,402918,43.80%,20.40%,21542,14620
10 April 2021,Pelayan Publik,1976757,880884,406805,44.60%,20.60%,14381,3887
11 April 2021,Pelayan Publik,1976757,887215,412014,44.90%,20.80%,6331,5209
12 April 2021,Pelayan Publik,1976757,907936,424562,45.90%,21.50%,20721,12548
13 April 2021,Pelayan Publik,1976757,918905,430157,46.50%,21.80%,10969,5595
14 April 2021,Pelayan Publik,1976757,930601,443508,47.10%,22.40%,11696,13351
15 April 2021,Pelayan Publik,1976757,944880,452555,47.80%,22.90%,14279,9047
16 April 2021,Pelayan Publik,1976757,959985,458619,48.60%,23.20%,15105,6064
17 April 2021,Pelayan Publik,1976757,967733,461648,49.00%,23.40%,7748,3029
18 April 2021,Pelayan Publik,1976757,971708,466276,49.20%,23.60%,3975,4628
19 April 2021,Pelayan Publik,1976757,990548,475981,50.10%,24.10%,18840,9705
20 April 2021,Pelayan Publik,1976757,1007563,481378,51.00%,24.40%,17015,5397
21 April 2021,Pelayan Publik,1976757,1025472,493120,51.90%,24.90%,17909,11742
22 April 2021,Pelayan Publik,1976757,1058587,515356,53.60%,26.10%,33115,22236
23 April 2021,Pelayan Publik,1976757,1079773,530125,54.60%,26.80%,21186,14769
24 April 2021,Pelayan Publik,1976757,1092495,543877,55.30%,27.50%,12722,13752
25 April 2021,Pelayan Publik,1976757,1103805,554636,55.80%,28.10%,11310,10759
26 April 2021,Pelayan Publik,1976757,1127512,577131,57.00%,29.20%,23707,22495
27 April 2021,Pelayan Publik,1976757,1152521,699388,58.30%,35.40%,25009,122257
28 April 2021,Pelayan Publik,1976757,1178054,625051,59.60%,31.60%,25533,0
29 April 2021,Pelayan Publik,1976757,1203940,650068,60.90%,32.90%,25886,25017
30 April 2021,Pelayan Publik,1976757,1231164,664088,62.30%,33.60%,27224,14020
1 May 2021,Pelayan Publik,1976757,1239584,676798,62.70%,34.20%,8420,12710
2 May 2021,Pelayan Publik,1976757,1243811,687800,62.90%,34.80%,4227,11002
3 May 2021,Pelayan Publik,1976757,1262887,712884,63.90%,36.10%,19076,25084
4 May 2021,Pelayan Publik,1976757,1287142,735527,65.10%,37.20%,24255,22643
5 May 2021,Pelayan Publik,1976757,1319068,756711,66.70%,38.30%,31926,21184
6 May 2021,Pelayan Publik,1976757,1355054,778273,68.50%,39.40%,35986,21562
7 May 2021,Pelayan Publik,1976757,1388224,799276,70.20%,40.40%,33170,21003
8 May 2021,Pelayan Publik,1976757,1405753,808129,71.10%,40.90%,17529,8853
9 May 2021,Pelayan Publik,1976757,1415570,816952,71.60%,41.30%,9817,8823
10 May 2021,Pelayan Publik,1976757,1446273,835742,73.20%,42.30%,30703,18790
11 May 2021,Pelayan Publik,1976757,1470603,848188,74.40%,42.90%,24330,12446
12 May 2021,Pelayan Publik,1976757,1474854,855317,74.60%,43.30%,4251,7129
13 May 2021,Pelayan Publik,1976757,1475068,855498,74.60%,43.30%,214,181
14 May 2021,Pelayan Publik,1976757,1475317,855736,74.60%,43.30%,249,238
15 May 2021,Pelayan Publik,1976757,1477975,862142,74.80%,43.60%,2658,6406
16 May 2021,Pelayan Publik,1976757,1481782,867073,75.00%,43.90%,3807,4931
17 May 2021,Pelayan Publik,1976757,1490559,888577,75.40%,45.00%,8777,21504
18 May 2021,Pelayan Publik,1976757,1507872,915320,76.30%,46.30%,17313,26743
19 May 2021,Pelayan Publik,1976757,1531144,937777,77.50%,47.40%,23272,22457
20 May 2021,Pelayan Publik,1976757,1557616,966272,78.80%,48.90%,26472,28495
21 May 2021,Pelayan Publik,1976757,1584442,990835,80.20%,50.10%,26826,24563
22 May 2021,Pelayan Publik,1976757,1597118,1007097,80.80%,50.90%,12676,16262
23 May 2021,Pelayan Publik,1976757,1605233,1018653,81.20%,51.50%,8115,11556
24 May 2021,Pelayan Publik,1976757,1609867,1024668,81.40%,51.80%,4634,6015
25 May 2021,Pelayan Publik,1976757,1652727,1061588,83.60%,53.70%,42860,36920
26 May 2021,Pelayan Publik,1976757,1676765,1087265,84.80%,55.00%,24038,25677
27 May 2021,Pelayan Publik,1976757,1707434,1121955,86.40%,56.80%,30669,34690
28 May 2021,Pelayan Publik,1976757,1707434,1121955,86.40%,56.80%,0,0
29 May 2021,Pelayan Publik,1976757,1707434,1121955,86.40%,56.80%,0,0
30 May 2021,Pelayan Publik,1976757,1707434,1124013,86.40%,56.90%,0,2058
31 May 2021,Pelayan Publik,1976757,1794667,1145836,90.80%,58.00%,87233,21823
1 June 2021,Pelayan Publik,1976757,1794667,1152681,90.80%,58.30%,0,6845
2 June 2021,Pelayan Publik,1976757,1794667,1176722,90.80%,59.50%,0,24041
3 June 2021,Pelayan Publik,1976757,1805312,1180307,91.30%,59.70%,10645,3585
4 June 2021,Pelayan Publik,1976757,1846940,1186829,93.40%,60.00%,41628,6522
5 June 2021,Pelayan Publik,1976757,1854565,1186860,93.80%,60.00%,7625,31
6 June 2021,Pelayan Publik,1976757,1856406,1186874,93.90%,60.00%,1841,14
7 June 2021,Pelayan Publik,1976757,1878591,1190433,95.00%,60.20%,22185,3559
8 June 2021,Pelayan Publik,1976757,1951461,1197044,98.70%,60.60%,72870,6611
9 June 2021,Pelayan Publik,1976757,1999271,1199225,101.10%,60.70%,47810,2181
10 June 2021,Pelayan Publik,1976757,2059479,1202304,104.20%,60.80%,60208,3079
11 June 2021,Pelayan Publik,1976757,2141397,1205366,108.30%,61.00%,81918,3062
12 June 2021,Pelayan Publik,1976757,2150108,1205710,108.80%,61.00%,8711,344
13 June 2021,Pelayan Publik,1976757,2150152,1205747,108.80%,61.00%,44,37
14 June 2021,Pelayan Publik,1976757,2235051,1210934,113.10%,61.30%,84899,5187
15 June 2021,Pelayan Publik,1976757,2310799,1215119,116.90%,61.50%,75748,4185
16 June 2021,Pelayan Publik,1976757,2400877,1218963,121.50%,61.70%,90078,3844
17 June 2021,Pelayan Publik,1976757,2400877,1218963,121.50%,61.70%,0,0
18 June 2021,Pelayan Publik,1976757,2508477,1224789,126.90%,62.00%,107600,5826
19 June 2021,Pelayan Publik,1976757,2613480,1230115,132.20%,62.20%,105003,5326
20 June 2021,Pelayan Publik,1976757,2653322,1230107,134.20%,62.20%,39842,-8
21 June 2021,Pelayan Publik,1976757,2668463,1230605,135.00%,62.30%,15141,498
22 June 2021,Pelayan Publik,1976757,2781630,1235008,140.70%,62.50%,113167,4403
23 June 2021,Pelayan Publik,1976757,2861777,1238158,144.80%,62.60%,80147,3150
24 June 2021,Pelayan Publik,1976757,3022069,1241917,152.90%,62.80%,160292,3759
25 June 2021,Pelayan Publik,1976757,3152714,1245683,159.50%,63.00%,130645,3766
26 June 2021,Pelayan Publik,1976757,3286874,1250631,166.30%,63.30%,134160,4948
27 June 2021,Pelayan Publik,1976757,3346354,1254580,169.30%,63.50%,59480,3949
28 June 2021,Pelayan Publik,1976757,3368399,1255847,170.40%,63.50%,22045,1267
29 June 2021,Pelayan Publik,1976757,3496352,1260595,176.90%,63.80%,127953,4748
30 June 2021,Pelayan Publik,1976757,3629039,1263178,183.60%,63.90%,132687,2583
1 July 2021,Pelayan Publik,1976757,3761641,1267783,190.30%,64.10%,132602,4605
2 July 2021,Pelayan Publik,1976757,3867687,1272047,195.70%,64.40%,106046,4264
3 July 2021,Pelayan Publik,1976757,3945402,1274738,199.60%,64.50%,77715,2691
4 July 2021,Pelayan Publik,1976757,4064047,1278202,205.60%,64.70%,118645,3464
5 July 2021,Pelayan Publik,1976757,4091384,1278790,207.00%,64.70%,27337,588
6 July 2021,Pelayan Publik,1976757,4173066,1281036,211.10%,64.80%,81682,2246
7 July 2021,Pelayan Publik,1976757,4336223,1286025,219.40%,65.10%,163157,4989
8 July 2021,Pelayan Publik,1976757,4425085,1288054,223.90%,65.20%,88862,2029
9 July 2021,Pelayan Publik,1976757,4651990,1293428,235.30%,65.40%,226905,5374
10 July 2021,Pelayan Publik,1976757,4686935,1293976,237.10%,65.50%,34945,548
11 July 2021,Pelayan Publik,1976757,4705083,1294418,238.00%,65.50%,18148,442
12 July 2021,Pelayan Publik,1976757,4729394,1294628,239.30%,65.50%,24311,210
13 July 2021,Pelayan Publik,1976757,4807725,1295799,243.20%,65.60%,78331,1171
14 July 2021,Pelayan Publik,1976757,5165244,1304367,261.30%,66.00%,357519,8568
15 July 2021,Pelayan Publik,1976757,5308046,1308614,268.50%,66.20%,142802,4247
16 July 2021,Pelayan Publik,1976757,5473787,1314975,276.90%,66.50%,165741,6361
17 July 2021,Pelayan Publik,1976757,5633668,1325708,285.00%,67.10%,159881,10733
18 July 2021,Pelayan Publik,1976757,5718225,1334017,289.30%,67.50%,84557,8309
19 July 2021,Pelayan Publik,1976757,5771763,1339813,292.00%,67.80%,53538,5796
20 July 2021,Pelayan Publik,1976757,5879802,1359286,297.40%,68.80%,108039,19473
21 July 2021,Pelayan Publik,1976757,5885328,1359580,297.70%,68.80%,5526,294
22 July 2021,Pelayan Publik,1976757,5986605,1405433,302.80%,71.10%,101277,45853
23 July 2021,Pelayan Publik,1976757,6103614,1461849,308.80%,74.00%,117009,56416
24 July 2021,Pelayan Publik,1976757,6210875,1527331,314.20%,77.30%,107261,65482
25 July 2021,Pelayan Publik,1976757,6278994,1557671,317.60%,78.80%,68119,30340
26 July 2021,Pelayan Publik,1976757,6326313,1574659,320.00%,79.70%,47319,16988
27 July 2021,Pelayan Publik,1976757,6437603,1657041,325.70%,83.80%,111290,82382
28 July 2021,Pelayan Publik,1976757,6554143,1745969,331.60%,88.30%,116540,88928
29 July 2021,Pelayan Publik,1976757,6510402,1761561,329.30%,89.10%,0,15592
30 July 2021,Pelayan Publik,1976757,6627899,1877760,335.30%,95.00%,117497,116199
31 July 2021,Pelayan Publik,1976757,6734535,2001620,340.70%,101.30%,106636,123860
1 August 2021,Pelayan Publik,1976757,6824921,2050320,345.30%,103.70%,90386,48700
2 August 2021,Pelayan Publik,1976757,6786017,1990252,343.30%,100.70%,0,0
3 August 2021,Pelayan Publik,1976757,6918588,2110197,350.00%,106.80%,132571,119945
4 August 2021,Pelayan Publik,1976757,7033531,2224009,355.80%,112.50%,114943,113812
5 August 2021,Pelayan Publik,1976757,7143488,2320699,361.40%,117.40%,109957,96690
6 August 2021,Pelayan Publik,1976757,7212559,2347229,364.90%,118.70%,69071,26530
7 August 2021,Pelayan Publik,1976757,7294189,2419482,369.00%,122.40%,81630,72253
8 August 2021,Pelayan Publik,1976757,7472929,2647312,378.00%,133.90%,178740,227830
9 August 2021,Pelayan Publik,1976757,7605181,2762080,384.70%,139.70%,132252,114768
10 August 2021,Pelayan Publik,1976757,7723897,2897904,390.70%,146.60%,118716,135824
11 August 2021,Pelayan Publik,1976757,7813719,3009229,395.30%,152.20%,89822,111325
12 August 2021,Pelayan Publik,1976757,7861445,3045017,397.70%,154.00%,47726,35788
13 August 2021,Pelayan Publik,1976757,7948338,3227035,402.10%,163.20%,86893,182018
14 August 2021,Pelayan Publik,1976757,8036003,3397014,406.50%,171.80%,87665,169979
15 August 2021,Pelayan Publik,1976757,8100243,3474465,409.80%,175.80%,64240,77451
16 August 2021,Pelayan Publik,1976757,8151366,3523733,412.40%,178.30%,51123,49268
17 August 2021,Pelayan Publik,1976757,8231512,3645545,416.40%,184.40%,80146,121812
18 August 2021,Pelayan Publik,1976757,8270704,3659507,418.40%,185.10%,39192,13962
19 August 2021,Pelayan Publik,1976757,8318021,3769857,420.80%,190.70%,47317,110350
20 August 2021,Pelayan Publik,1976757,8360969,3885330,423.00%,196.60%,42948,115473
21 August 2021,Pelayan Publik,1976757,8393744,3967204,424.60%,200.70%,32775,81874
22 August 2021,Pelayan Publik,1976757,8424447,4048051,426.20%,204.80%,30703,80847
23 August 2021,Pelayan Publik,1976757,8436966,4081847,426.80%,206.50%,12519,33796
24 August 2021,Pelayan Publik,1976757,8480560,4178798,429.00%,211.40%,43594,96951
25 August 2021,Pelayan Publik,1976757,8527088,4285995,431.40%,216.80%,46528,107197
26 August 2021,Pelayan Publik,1976757,8572954,4392765,433.70%,222.20%,45866,106770
27 August 2021,Pelayan Publik,1976757,8619388,4510822,436.00%,228.20%,46434,118057
28 August 2021,Pelayan Publik,1976757,8685051,4679799,439.40%,236.70%,65663,168977
29 August 2021,Pelayan Publik,1976757,8692003,4695753,439.70%,237.50%,6952,15954
30 August 2021,Pelayan Publik,1976757,8692566,4696182,439.70%,237.60%,563,429
31 August 2021,Pelayan Publik,1976757,8750518,4849271,442.70%,245.30%,57952,153089
1 September 2021,Pelayan Publik,1976757,8794671,4964165,444.90%,251.10%,44153,114894
2 September 2021,Pelayan Publik,1976757,8829282,5073284,446.70%,256.60%,34611,109119
3 September 2021,Pelayan Publik,1976757,8874921,5204054,449.00%,263.30%,45639,130770
4 September 2021,Pelayan Publik,1976757,8918236,5338516,451.20%,270.10%,43315,134462
5 September 2021,Pelayan Publik,1976757,8941021,5375040,452.30%,271.90%,22785,36524
6 September 2021,Pelayan Publik,1976757,8951542,5395864,452.80%,273.00%,10521,20824
7 September 2021,Pelayan Publik,1976757,8984961,5519947,454.50%,279.20%,33419,124083
8 September 2021,Pelayan Publik,1976757,9020873,5641998,456.30%,285.40%,35912,122051
9 September 2021,Pelayan Publik,1976757,9051469,5753145,457.90%,291.00%,30596,111147
10 September 2021,Pelayan Publik,1976757,9078159,5874144,459.20%,297.20%,26690,120999
11 September 2021,Pelayan Publik,1976757,9090235,5999406,459.90%,303.50%,12076,125262
12 September 2021,Pelayan Publik,1976757,9095189,6018966,460.10%,304.50%,4954,19560
13 September 2021,Pelayan Publik,1976757,9101972,6038253,460.40%,305.50%,6783,19287
14 September 2021,Pelayan Publik,1976757,9129541,6148243,461.80%,311.00%,27569,109990
15 September 2021,Pelayan Publik,1976757,9147818,6238476,462.80%,315.60%,18277,90233
16 September 2021,Pelayan Publik,1976757,9172506,6340473,464.00%,320.80%,24688,101997
17 September 2021,Pelayan Publik,1976757,9189604,6374609,464.90%,322.50%,17098,34136
18 September 2021,Pelayan Publik,1976757,9221314,6475650,466.50%,327.60%,31710,101041
19 September 2021,Pelayan Publik,1976757,9231868,6524554,467.00%,330.10%,10554,48904
20 September 2021,Pelayan Publik,1976757,9241610,6539356,467.50%,330.80%,9742,14802
21 September 2021,Pelayan Publik,1976757,9252479,6542371,468.10%,331.00%,10869,3015
22 September 2021,Pelayan Publik,1976757,9285797,6608231,469.70%,334.30%,33318,65860
23 September 2021,Pelayan Publik,1976757,9303235,6629697,470.60%,335.40%,17438,21466
24 September 2021,Pelayan Publik,1976757,9329826,6689925,472.00%,338.40%,26591,60228
25 September 2021,Pelayan Publik,1976757,9347823,6727631,472.90%,340.30%,17997,37706
26 September 2021,Pelayan Publik,1976757,9363307,6749092,473.70%,341.40%,15484,21461
27 September 2021,Pelayan Publik,1976757,9376836,6764513,474.40%,342.20%,13529,15421
28 September 2021,Pelayan Publik,1976757,9539129,6915632,482.60%,349.80%,162293,151119
29 September 2021,Pelayan Publik,1976757,9560284,6946137,483.60%,351.40%,21155,30505
30 September 2021,Pelayan Publik,1976757,9579783,6969568,484.60%,352.60%,19499,23431
1 October 2021,Pelayan Publik,1976757,9597472,6993519,485.50%,353.80%,17689,23951
2 October 2021,Pelayan Publik,1976757,9616306,7017921,486.50%,355.00%,18834,24402
3 October 2021,Pelayan Publik,1976757,9624944,7025165,486.90%,355.40%,8638,7244
4 October 2021,Pelayan Publik,1976757,9629182,7029379,487.10%,355.60%,4238,4214
5 October 2021,Pelayan Publik,1976757,9649141,7052282,488.10%,356.80%,19959,22903
6 October 2021,Pelayan Publik,1976757,9666136,7068991,489.00%,357.60%,16995,16709
7 October 2021,Pelayan Publik,1976757,9685163,7094318,490.00%,358.90%,19027,25327
8 October 2021,Pelayan Publik,1976757,9709538,7113723,491.20%,359.90%,24375,19405
5 March 2021,12 - 17 Tahun,0,0,0,0,0,0,0
6 March 2021,12 - 17 Tahun,0,0,0,0,0,0,0
7 March 2021,12 - 17 Tahun,0,0,0,0,0,0,0
8 March 2021,12 - 17 Tahun,0,0,0,0,0,0,0
9 March 2021,12 - 17 Tahun,0,0,0,0,0,0,0
10 March 2021,12 - 17 Tahun,0,0,0,0,0,0,0
11 March 2021,12 - 17 Tahun,0,0,0,0,0,0,0
12 March 2021,12 - 17 Tahun,0,0,0,0,0,0,0
13 March 2021,12 - 17 Tahun,0,0,0,0,0,0,0
14 March 2021,12 - 17 Tahun,0,0,0,0,0,0,0
15 March 2021,12 - 17 Tahun,0,0,0,0,0,0,0
16 March 2021,12 - 17 Tahun,0,0,0,0,0,0,0
17 March 2021,12 - 17 Tahun,0,0,0,0,0,0,0
18 March 2021,12 - 17 Tahun,0,0,0,0,0,0,0
19 March 2021,12 - 17 Tahun,0,0,0,0,0,0,0
20 March 2021,12 - 17 Tahun,0,0,0,0,0,0,0
21 March 2021,12 - 17 Tahun,0,0,0,0,0,0,0
22 March 2021,12 - 17 Tahun,0,0,0,0,0,0,0
23 March 2021,12 - 17 Tahun,0,0,0,0,0,0,0
24 March 2021,12 - 17 Tahun,0,0,0,0,0,0,0
25 March 2021,12 - 17 Tahun,0,0,0,0,0,0,0
26 March 2021,12 - 17 Tahun,0,0,0,0,0,0,0
27 March 2021,12 - 17 Tahun,0,0,0,0,0,0,0
28 March 2021,12 - 17 Tahun,0,0,0,0,0,0,0
29 March 2021,12 - 17 Tahun,0,0,0,0,0,0,0
30 March 2021,12 - 17 Tahun,0,0,0,0,0,0,0
31 March 2021,12 - 17 Tahun,0,0,0,0,0,0,0
1 April 2021,12 - 17 Tahun,0,0,0,0,0,0,0
2 April 2021,12 - 17 Tahun,0,0,0,0,0,0,0
3 April 2021,12 - 17 Tahun,0,0,0,0,0,0,0
4 April 2021,12 - 17 Tahun,0,0,0,0,0,0,0
5 April 2021,12 - 17 Tahun,0,0,0,0,0,0,0
6 April 2021,12 - 17 Tahun,0,0,0,0,0,0,0
7 April 2021,12 - 17 Tahun,0,0,0,0,0,0,0
8 April 2021,12 - 17 Tahun,0,0,0,0,0,0,0
9 April 2021,12 - 17 Tahun,0,0,0,0,0,0,0
10 April 2021,12 - 17 Tahun,0,0,0,0,0,0,0
11 April 2021,12 - 17 Tahun,0,0,0,0,0,0,0
12 April 2021,12 - 17 Tahun,0,0,0,0,0,0,0
13 April 2021,12 - 17 Tahun,0,0,0,0,0,0,0
14 April 2021,12 - 17 Tahun,0,0,0,0,0,0,0
15 April 2021,12 - 17 Tahun,0,0,0,0,0,0,0
16 April 2021,12 - 17 Tahun,0,0,0,0,0,0,0
17 April 2021,12 - 17 Tahun,0,0,0,0,0,0,0
18 April 2021,12 - 17 Tahun,0,0,0,0,0,0,0
19 April 2021,12 - 17 Tahun,0,0,0,0,0,0,0
20 April 2021,12 - 17 Tahun,0,0,0,0,0,0,0
21 April 2021,12 - 17 Tahun,0,0,0,0,0,0,0
22 April 2021,12 - 17 Tahun,0,0,0,0,0,0,0
23 April 2021,12 - 17 Tahun,0,0,0,0,0,0,0
24 April 2021,12 - 17 Tahun,0,0,0,0,0,0,0
25 April 2021,12 - 17 Tahun,0,0,0,0,0,0,0
26 April 2021,12 - 17 Tahun,0,0,0,0,0,0,0
27 April 2021,12 - 17 Tahun,0,0,0,0,0,0,0
28 April 2021,12 - 17 Tahun,0,0,0,0,0,0,0
29 April 2021,12 - 17 Tahun,0,0,0,0,0,0,0
30 April 2021,12 - 17 Tahun,0,0,0,0,0,0,0
1 May 2021,12 - 17 Tahun,0,0,0,0,0,0,0
2 May 2021,12 - 17 Tahun,0,0,0,0,0,0,0
3 May 2021,12 - 17 Tahun,0,0,0,0,0,0,0
4 May 2021,12 - 17 Tahun,0,0,0,0,0,0,0
5 May 2021,12 - 17 Tahun,0,0,0,0,0,0,0
6 May 2021,12 - 17 Tahun,0,0,0,0,0,0,0
7 May 2021,12 - 17 Tahun,0,0,0,0,0,0,0
8 May 2021,12 - 17 Tahun,0,0,0,0,0,0,0
9 May 2021,12 - 17 Tahun,0,0,0,0,0,0,0
10 May 2021,12 - 17 Tahun,0,0,0,0,0,0,0
11 May 2021,12 - 17 Tahun,0,0,0,0,0,0,0
12 May 2021,12 - 17 Tahun,0,0,0,0,0,0,0
13 May 2021,12 - 17 Tahun,0,0,0,0,0,0,0
14 May 2021,12 - 17 Tahun,0,0,0,0,0,0,0
15 May 2021,12 - 17 Tahun,0,0,0,0,0,0,0
16 May 2021,12 - 17 Tahun,0,0,0,0,0,0,0
17 May 2021,12 - 17 Tahun,0,0,0,0,0,0,0
18 May 2021,12 - 17 Tahun,0,0,0,0,0,0,0
19 May 2021,12 - 17 Tahun,0,0,0,0,0,0,0
20 May 2021,12 - 17 Tahun,0,0,0,0,0,0,0
21 May 2021,12 - 17 Tahun,0,0,0,0,0,0,0
22 May 2021,12 - 17 Tahun,0,0,0,0,0,0,0
23 May 2021,12 - 17 Tahun,0,0,0,0,0,0,0
24 May 2021,12 - 17 Tahun,0,0,0,0,0,0,0
25 May 2021,12 - 17 Tahun,0,0,0,0,0,0,0
26 May 2021,12 - 17 Tahun,0,0,0,0,0,0,0
27 May 2021,12 - 17 Tahun,0,0,0,0,0,0,0
28 May 2021,12 - 17 Tahun,0,0,0,0,0,0,0
29 May 2021,12 - 17 Tahun,0,0,0,0,0,0,0
30 May 2021,12 - 17 Tahun,0,0,0,0,0,0,0
31 May 2021,12 - 17 Tahun,0,0,0,0,0,0,0
1 June 2021,12 - 17 Tahun,0,0,0,0,0,0,0
2 June 2021,12 - 17 Tahun,0,0,0,0,0,0,0
3 June 2021,12 - 17 Tahun,0,0,0,0,0,0,0
4 June 2021,12 - 17 Tahun,0,0,0,0,0,0,0
5 June 2021,12 - 17 Tahun,0,0,0,0,0,0,0
6 June 2021,12 - 17 Tahun,0,0,0,0,0,0,0
7 June 2021,12 - 17 Tahun,0,0,0,0,0,0,0
8 June 2021,12 - 17 Tahun,0,0,0,0,0,0,0
9 June 2021,12 - 17 Tahun,0,0,0,0,0,0,0
10 June 2021,12 - 17 Tahun,0,0,0,0,0,0,0
11 June 2021,12 - 17 Tahun,0,0,0,0,0,0,0
12 June 2021,12 - 17 Tahun,0,0,0,0,0,0,0
13 June 2021,12 - 17 Tahun,0,0,0,0,0,0,0
14 June 2021,12 - 17 Tahun,0,0,0,0,0,0,0
15 June 2021,12 - 17 Tahun,0,0,0,0,0,0,0
16 June 2021,12 - 17 Tahun,0,0,0,0,0,0,0
17 June 2021,12 - 17 Tahun,0,0,0,0,0,0,0
18 June 2021,12 - 17 Tahun,0,0,0,0,0,0,0
19 June 2021,12 - 17 Tahun,0,0,0,0,0,0,0
20 June 2021,12 - 17 Tahun,0,0,0,0,0,0,0
21 June 2021,12 - 17 Tahun,0,0,0,0,0,0,0
22 June 2021,12 - 17 Tahun,0,0,0,0,0,0,0
23 June 2021,12 - 17 Tahun,0,0,0,0,0,0,0
24 June 2021,12 - 17 Tahun,0,0,0,0,0,0,0
25 June 2021,12 - 17 Tahun,0,0,0,0,0,0,0
26 June 2021,12 - 17 Tahun,0,0,0,0,0,0,0
27 June 2021,12 - 17 Tahun,0,0,0,0,0,0,0
28 June 2021,12 - 17 Tahun,0,0,0,0,0,0,0
29 June 2021,12 - 17 Tahun,0,0,0,0,0,0,0
30 June 2021,12 - 17 Tahun,0,0,0,0,0,0,0
1 July 2021,12 - 17 Tahun,984719,682,0,0.10%,0.00%,682,0
2 July 2021,12 - 17 Tahun,984719,1293,0,0.10%,0.00%,611,0
3 July 2021,12 - 17 Tahun,984719,1293,0,0.10%,0.00%,0,0
4 July 2021,12 - 17 Tahun,984719,1293,0,0.10%,0.00%,0,0
5 July 2021,12 - 17 Tahun,984719,12962,0,1.30%,0.00%,11669,0
6 July 2021,12 - 17 Tahun,984719,19685,0,2.00%,0.00%,6723,0
7 July 2021,12 - 17 Tahun,984719,36724,0,3.70%,0.00%,17039,0
8 July 2021,12 - 17 Tahun,984719,45406,0,4.60%,0.00%,8682,0
9 July 2021,12 - 17 Tahun,984719,82784,0,8.40%,0.00%,37378,0
10 July 2021,12 - 17 Tahun,984719,88505,0,9.00%,0.00%,5721,0
11 July 2021,12 - 17 Tahun,984719,91803,0,9.30%,0.00%,3298,0
12 July 2021,12 - 17 Tahun,984719,92161,0,9.40%,0.00%,358,0
13 July 2021,12 - 17 Tahun,984719,105317,0,10.70%,0.00%,13156,0
14 July 2021,12 - 17 Tahun,984719,178286,0,18.10%,0.00%,72969,0
15 July 2021,12 - 17 Tahun,984719,207980,0,21.10%,0.00%,29694,0
16 July 2021,12 - 17 Tahun,984719,246893,5,25.10%,0.00%,38913,5
17 July 2021,12 - 17 Tahun,984719,281431,6,28.60%,0.00%,34538,1
18 July 2021,12 - 17 Tahun,984719,294957,6,30.00%,0.00%,13526,0
19 July 2021,12 - 17 Tahun,984719,303459,6,30.80%,0.00%,8502,0
20 July 2021,12 - 17 Tahun,984719,329679,8,33.50%,0.00%,26220,2
21 July 2021,12 - 17 Tahun,984719,330150,8,33.50%,0.00%,471,0
22 July 2021,12 - 17 Tahun,984719,357132,11,36.30%,0.00%,26982,3
23 July 2021,12 - 17 Tahun,984719,390876,14,39.70%,0.00%,33744,3
24 July 2021,12 - 17 Tahun,984719,421612,18,42.80%,0.00%,30736,4
25 July 2021,12 - 17 Tahun,984719,435641,18,44.20%,0.00%,14029,0
26 July 2021,12 - 17 Tahun,984719,445706,22,45.30%,0.00%,10065,4
27 July 2021,12 - 17 Tahun,984719,477769,26,48.50%,0.00%,32063,4
28 July 2021,12 - 17 Tahun,984719,508387,96,51.60%,0.00%,30618,70
29 July 2021,12 - 17 Tahun,984719,533989,194,54.20%,0.00%,25602,98
30 July 2021,12 - 17 Tahun,984719,558190,1112,56.70%,0.10%,24201,918
31 July 2021,12 - 17 Tahun,984719,577768,4343,58.70%,0.40%,19578,3231
1 August 2021,12 - 17 Tahun,984719,588810,7104,59.80%,0.70%,11042,2761
2 August 2021,12 - 17 Tahun,984719,594392,8536,60.40%,0.90%,5582,1432
3 August 2021,12 - 17 Tahun,984719,614881,16997,62.40%,1.70%,20489,8461
4 August 2021,12 - 17 Tahun,984719,633600,28027,64.30%,2.80%,18719,11030
5 August 2021,12 - 17 Tahun,984719,752299,52891,76.40%,5.40%,118699,24864
6 August 2021,12 - 17 Tahun,984719,757059,57087,76.90%,5.80%,4760,4196
7 August 2021,12 - 17 Tahun,984719,765403,70787,77.70%,7.20%,8344,13700
8 August 2021,12 - 17 Tahun,984719,765403,70787,77.70%,7.20%,0,0
9 August 2021,12 - 17 Tahun,984719,765403,70787,77.70%,7.20%,0,0
10 August 2021,12 - 17 Tahun,984719,725422,106412,73.70%,10.80%,0,35625
11 August 2021,12 - 17 Tahun,984719,732354,131156,74.40%,13.30%,6932,24744
12 August 2021,12 - 17 Tahun,984719,734790,136143,74.60%,13.80%,2436,4987
13 August 2021,12 - 17 Tahun,984719,742027,177991,75.40%,18.10%,7237,41848
14 August 2021,12 - 17 Tahun,984719,748955,218708,76.10%,22.20%,6928,40717
15 August 2021,12 - 17 Tahun,984719,751000,234156,76.30%,23.80%,2045,15448
16 August 2021,12 - 17 Tahun,984719,752541,244213,76.40%,24.80%,1541,10057
17 August 2021,12 - 17 Tahun,984719,756504,273103,76.80%,27.70%,3963,28890
18 August 2021,12 - 17 Tahun,984719,757387,275918,76.90%,28.00%,883,2815
19 August 2021,12 - 17 Tahun,984719,761958,301245,77.40%,30.60%,4571,25327
20 August 2021,12 - 17 Tahun,984719,765903,330973,77.80%,33.60%,3945,29728
21 August 2021,12 - 17 Tahun,984719,768352,351843,78.00%,35.70%,2449,20870
22 August 2021,12 - 17 Tahun,984719,771149,370984,78.30%,37.70%,2797,19141
23 August 2021,12 - 17 Tahun,984719,772052,379228,78.40%,38.50%,903,8244
24 August 2021,12 - 17 Tahun,984719,775292,404818,78.70%,41.10%,3240,25590
25 August 2021,12 - 17 Tahun,984719,778684,437322,79.10%,44.40%,3392,32504
26 August 2021,12 - 17 Tahun,984719,781906,461034,79.40%,46.80%,3222,23712
27 August 2021,12 - 17 Tahun,984719,789341,487583,80.20%,49.50%,7435,26549
28 August 2021,12 - 17 Tahun,984719,795882,521016,80.80%,52.90%,6541,33433
29 August 2021,12 - 17 Tahun,984719,796366,522838,80.90%,53.10%,484,1822
30 August 2021,12 - 17 Tahun,984719,796414,522883,80.90%,53.10%,48,45
31 August 2021,12 - 17 Tahun,984719,801262,551409,81.40%,56.00%,4848,28526
1 September 2021,12 - 17 Tahun,984719,804832,571924,81.70%,58.10%,3570,20515
2 September 2021,12 - 17 Tahun,984719,808064,587883,82.10%,59.70%,3232,15959
3 September 2021,12 - 17 Tahun,984719,811771,602021,82.40%,61.10%,3707,14138
4 September 2021,12 - 17 Tahun,984719,815154,611140,82.80%,62.10%,3383,9119
5 September 2021,12 - 17 Tahun,984719,816620,613954,82.90%,62.30%,1466,2814
6 September 2021,12 - 17 Tahun,984719,817278,615620,83.00%,62.50%,658,1666
7 September 2021,12 - 17 Tahun,984719,820123,623655,83.30%,63.30%,2845,8035
8 September 2021,12 - 17 Tahun,984719,823181,632366,83.60%,64.20%,3058,8711
9 September 2021,12 - 17 Tahun,984719,825469,638063,83.80%,64.80%,2288,5697
10 September 2021,12 - 17 Tahun,984719,840097,650667,85.30%,66.10%,14628,12604
11 September 2021,12 - 17 Tahun,984719,842790,658763,85.60%,66.90%,2693,8096
12 September 2021,12 - 17 Tahun,984719,842995,659983,85.60%,67.00%,205,1220
13 September 2021,12 - 17 Tahun,984719,843255,661120,85.60%,67.10%,260,1137
14 September 2021,12 - 17 Tahun,984719,844664,666422,85.80%,67.70%,1409,5302
15 September 2021,12 - 17 Tahun,984719,845896,669225,85.90%,68.00%,1232,2803
16 September 2021,12 - 17 Tahun,984719,846707,674290,86.00%,68.50%,811,5065
17 September 2021,12 - 17 Tahun,984719,847980,675640,86.10%,68.60%,1273,1350
18 September 2021,12 - 17 Tahun,984719,850446,680134,86.40%,69.10%,2466,4494
19 September 2021,12 - 17 Tahun,984719,850780,684296,86.40%,69.50%,334,4162
20 September 2021,12 - 17 Tahun,984719,851437,685277,86.50%,69.60%,657,981
21 September 2021,12 - 17 Tahun,984719,852367,685425,86.60%,69.60%,930,148
22 September 2021,12 - 17 Tahun,984719,853858,689423,86.70%,70.00%,1491,3998
23 September 2021,12 - 17 Tahun,984719,854774,690122,86.80%,70.10%,916,699
24 September 2021,12 - 17 Tahun,984719,856235,695694,87.00%,70.60%,1461,5572
25 September 2021,12 - 17 Tahun,984719,857047,699006,87.00%,71.00%,812,3312
26 September 2021,12 - 17 Tahun,984719,857584,701071,87.10%,71.20%,537,2065
27 September 2021,12 - 17 Tahun,984719,858832,702537,87.20%,71.30%,1248,1466
28 September 2021,12 - 17 Tahun,1000121,860373,705949,86.00%,70.60%,1541,3412
29 September 2021,12 - 17 Tahun,1000121,861953,709772,86.20%,71.00%,1580,3823
30 September 2021,12 - 17 Tahun,1000121,863287,712648,86.30%,71.30%,1334,2876
1 October 2021,12 - 17 Tahun,1000121,864702,715514,86.50%,71.50%,1415,2866
2 October 2021,12 - 17 Tahun,1000121,866409,718182,86.60%,71.80%,1707,2668
3 October 2021,12 - 17 Tahun,1000121,867075,718986,86.70%,71.90%,666,804
4 October 2021,12 - 17 Tahun,1000121,867457,719475,86.70%,71.90%,382,489
5 October 2021,12 - 17 Tahun,1000121,869231,721961,86.90%,72.20%,1774,2486
6 October 2021,12 - 17 Tahun,1000121,870705,723595,87.10%,72.40%,1474,1634
7 October 2021,12 - 17 Tahun,1000121,872377,726243,87.20%,72.60%,1672,2648
8 October 2021,12 - 17 Tahun,1000121,874139,727953,87.40%,72.80%,1762,1710
